{
  "schema_version": 4,
  "run_metadata": {
    "cli_command": "./build/aldous_tsp --mode balanced --oracle none --N 3000 --instances 24 --restarts 4 --sa-iters 80000 --seed 2024 --output examples/example_results.json",
    "git_commit": null,
    "compiler": "GCC 11.4.0 (C++201703)"
  },
  "N": 3000,
  "p_values": [0.0200, 0.0300, 0.0500, 0.0700, 0.1000, 0.1500, 0.2000, 0.2500, 0.3000, 0.4000, 0.5000, 0.6000, 0.8000, 1.0000],
  "done": 24,
  "target": 24,
  "restarts": 4,
  "sa_iters": 80000,
  "seed": 2024,
  "threads": 16,
  "wall_seconds": 10342.78,
  "distance_backend": "coords_exact_grid_knn_edgecache",
  "mode": "balanced",
  "regime_counts": {"full": 24, "low": 0, "mid": 312, "high": 0},
  "regime_seconds": {"full": 2139.01, "low": 0.00, "mid": 133901.32, "high": 0.00},
  "oracle_status": "disabled",
  "oracle_summary": {
    "calls": 0,
    "solved": 0,
    "improved": 0,
    "failed": 0,
    "exact_gain": 0.0000000000,
    "tsp_calls": 0,
    "tsp_solved": 0,
    "tsp_improved": 0,
    "tsp_gain": 0.0000000000,
    "subset_calls": 0,
    "subset_solved": 0,
    "subset_improved": 0,
    "subset_gain": 0.0000000000
  },
  "summary": {
    "0.02": {
      "k": 60,
      "mean": 0.5564992038,
      "std": 0.0264890615,
      "stderr": 0.0054070570,
      "n": 24,
      "values": [0.5168857824, 0.5506373932, 0.5218526523, 0.5805086317, 0.5109892897, 0.5695697159, 0.5336270847, 0.5803915959, 0.5463934877, 0.5762059078, 0.5980545928, 0.5188940547, 0.5582767603, 0.5799102512, 0.5997111415, 0.5467071319, 0.5516248273, 0.5743758402, 0.5320045951, 0.5554769590, 0.5298431344, 0.5946967467, 0.5608890260, 0.5684542885]
    },
    "0.03": {
      "k": 90,
      "mean": 0.5806379858,
      "std": 0.0295147951,
      "stderr": 0.0060246823,
      "n": 24,
      "values": [0.5111981136, 0.5743687983, 0.5685131917, 0.6341805446, 0.5506303240, 0.5653814678, 0.5634050127, 0.5795566780, 0.5638616837, 0.6104370980, 0.6289276147, 0.5404938761, 0.5851024605, 0.6104819536, 0.5944976705, 0.5628502754, 0.5859867127, 0.6205381386, 0.5528088541, 0.5763055143, 0.5580838202, 0.6098646026, 0.5997494274, 0.5880878255]
    },
    "0.05": {
      "k": 150,
      "mean": 0.6027047623,
      "std": 0.0225487031,
      "stderr": 0.0046027347,
      "n": 24,
      "values": [0.5754543394, 0.5750791906, 0.5538856338, 0.6330500496, 0.5797936623, 0.6391651952, 0.6000676926, 0.6178859770, 0.6191965568, 0.6190862422, 0.6341129752, 0.6225361498, 0.6026666724, 0.5970644723, 0.5880989626, 0.5988200829, 0.6071637785, 0.6148693262, 0.6007172251, 0.5768926915, 0.5701850789, 0.6135113428, 0.5987370088, 0.6268739882]
    },
    "0.07": {
      "k": 210,
      "mean": 0.6282062216,
      "std": 0.0211889700,
      "stderr": 0.0043251804,
      "n": 24,
      "values": [0.6098521792, 0.6099767786, 0.5944536530, 0.6447584836, 0.6069936019, 0.6393259041, 0.6303583060, 0.6462900330, 0.6593485028, 0.6597201849, 0.6404598950, 0.6254968783, 0.6735005205, 0.6252444522, 0.6229055581, 0.6230588531, 0.6265142669, 0.6411411922, 0.6236564439, 0.6112227608, 0.5811851410, 0.6324241041, 0.6109627571, 0.6380988688]
    },
    "0.1": {
      "k": 300,
      "mean": 0.6458088556,
      "std": 0.0168977503,
      "stderr": 0.0034492388,
      "n": 24,
      "values": [0.6456613192, 0.6516457534, 0.6136259915, 0.6420507986, 0.6207756662, 0.6648971772, 0.6382411349, 0.6576891103, 0.6231023163, 0.6490187725, 0.6796393502, 0.6478236229, 0.6460426972, 0.6391085694, 0.6379136764, 0.6485734614, 0.6543434249, 0.6768493630, 0.6432472165, 0.6392385028, 0.6324912937, 0.6642312069, 0.6207890137, 0.6624130962]
    },
    "0.15": {
      "k": 450,
      "mean": 0.6586072983,
      "std": 0.0111458282,
      "stderr": 0.0022751326,
      "n": 24,
      "values": [0.6412648383, 0.6428533167, 0.6419940037, 0.6612596372, 0.6358861249, 0.6685029569, 0.6539953761, 0.6781411608, 0.6581915474, 0.6464762367, 0.6538255338, 0.6626629580, 0.6692163376, 0.6689064432, 0.6615748879, 0.6652749941, 0.6502048629, 0.6551136533, 0.6643003426, 0.6571539099, 0.6693044562, 0.6753728549, 0.6642545102, 0.6608442161]
    },
    "0.2": {
      "k": 600,
      "mean": 0.6606217560,
      "std": 0.0125182781,
      "stderr": 0.0025552828,
      "n": 24,
      "values": [0.6645397543, 0.6570931171, 0.6493769645, 0.6657906778, 0.6572513752, 0.6587219284, 0.6778069894, 0.6825615661, 0.6579152847, 0.6732731685, 0.6459972136, 0.6673184564, 0.6686266389, 0.6460128219, 0.6828832250, 0.6472577079, 0.6694459556, 0.6434778839, 0.6500738433, 0.6710638180, 0.6398389027, 0.6611475879, 0.6481788033, 0.6692684593]
    },
    "0.25": {
      "k": 750,
      "mean": 0.6624886756,
      "std": 0.0134236633,
      "stderr": 0.0027400938,
      "n": 24,
      "values": [0.6637396855, 0.6559548318, 0.6627501451, 0.6558484315, 0.6699988490, 0.6828972982, 0.6674269707, 0.6907989085, 0.6663586316, 0.6567510832, 0.6547504865, 0.6537405122, 0.6625176752, 0.6382933512, 0.6646659428, 0.6490158732, 0.6715549713, 0.6619994593, 0.6691703170, 0.6775555991, 0.6448961279, 0.6778443788, 0.6330037227, 0.6681949617]
    },
    "0.3": {
      "k": 900,
      "mean": 0.6698425539,
      "std": 0.0118032765,
      "stderr": 0.0024093337,
      "n": 24,
      "values": [0.6541081101, 0.6612796078, 0.6748949973, 0.6721667664, 0.6843658292, 0.6843921942, 0.6681710709, 0.7019409206, 0.6554233014, 0.6590381195, 0.6508612224, 0.6642319532, 0.6737768536, 0.6687745938, 0.6593507744, 0.6763952630, 0.6665518598, 0.6739761930, 0.6834474406, 0.6722139947, 0.6642224486, 0.6721890590, 0.6562410251, 0.6782076955]
    },
    "0.4": {
      "k": 1200,
      "mean": 0.6717565082,
      "std": 0.0087674021,
      "stderr": 0.0017896385,
      "n": 24,
      "values": [0.6638653260, 0.6575013304, 0.6671924748, 0.6849950977, 0.6675392830, 0.6598938135, 0.6840400281, 0.6744384115, 0.6810123858, 0.6686807866, 0.6648845260, 0.6598619917, 0.6779783254, 0.6687846346, 0.6702056351, 0.6631406798, 0.6819084394, 0.6700783093, 0.6681099715, 0.6744147197, 0.6670233531, 0.6869425232, 0.6738284583, 0.6858356918]
    },
    "0.5": {
      "k": 1500,
      "mean": 0.6771290193,
      "std": 0.0091699958,
      "stderr": 0.0018718176,
      "n": 24,
      "values": [0.6790415412, 0.6789813488, 0.6825395027, 0.6916411059, 0.6686545876, 0.6659487110, 0.6792184844, 0.6694191976, 0.6830618724, 0.6667500142, 0.6706529774, 0.6697560184, 0.6726330700, 0.6856415427, 0.6714081483, 0.6606815095, 0.6721129997, 0.6767634281, 0.6805768507, 0.6932185104, 0.6694595770, 0.6830417184, 0.6839102842, 0.6959834614]
    },
    "0.6": {
      "k": 1800,
      "mean": 0.6853208217,
      "std": 0.0067489882,
      "stderr": 0.0013776314,
      "n": 24,
      "values": [0.6923297072, 0.6769116879, 0.6761915530, 0.6890475192, 0.6903990405, 0.6940983965, 0.6885370243, 0.6814298550, 0.6805546151, 0.6779355301, 0.6828274058, 0.6799802839, 0.6899019399, 0.6881560654, 0.6891346089, 0.6748283937, 0.6867617542, 0.6834125755, 0.6805306876, 0.6913335357, 0.6786577489, 0.6961820164, 0.6798431489, 0.6987146274]
    },
    "0.8": {
      "k": 2400,
      "mean": 0.6880082854,
      "std": 0.0051123220,
      "stderr": 0.0010435484,
      "n": 24,
      "values": [0.6906038368, 0.6819805480, 0.6827122605, 0.6895912410, 0.6864341683, 0.6943182257, 0.6875608591, 0.6868252567, 0.6849927733, 0.6861045920, 0.6817498144, 0.6872818171, 0.6969076066, 0.6944479190, 0.6860004859, 0.6829476314, 0.6924341437, 0.6886335137, 0.6818346255, 0.6929510129, 0.6821113889, 0.6963912837, 0.6818956453, 0.6954881998]
    },
    "1.0": {
      "k": 3000,
      "mean": 0.7365798981,
      "std": 0.0040763468,
      "stderr": 0.0008320808,
      "n": 24,